{"Points":[[90,80130],[90,91043],[100,94470],[100,98795],[110,97003],[110,416949],[120,108849],[120,108849],[130,114418],[130,116367],[140,116367],[140,120706],[60,92411],[90,111716],[90,120234],[100,121541],[100,122144],[110,124746],[110,120706],[120,136061],[120,134720],[130,137892],[130,132400],[140,148730],[140,148014],[150,148014],[150,141055],[160,157289],[160,158097],[170,157289],[170,149453],[180,165100],[180,164218],[190,24536],[190,159947],[200,173728],[90,113783],[90,105398],[90,102500],[100,112947],[100,117816],[110,120706],[110,117816],[120,132258],[90,110017],[90,100490],[100,121661],[90,105851],[90,100819],[100,112021],[68,91586],[67,85774],[66,85594],[65,83446],[35,53478],[48,71678],[47,72910],[45,70005],[44,68257],[42,63631],[42,64062],[41,65565],[40,64873],[40,64196],[39,61685],[39,60561],[38,57746],[38,56473],[38,57882],[38,44292],[89,108849],[89,109236],[89,108465],[89,105760],[89,105760],[89,110910],[89,110512],[38,51789],[38,61561],[39,7228],[40,60442],[40,63239],[40,59391],[39,59708],[39,57422],[39,10448],[40,54788],[40,60412],[40,60205],[40,62058],[40,60442],[40,56812],[40,53269],[40,48674],[40,59134],[40,55405]],"Relation":{"Coeffs":[-12475.74370834001,1940.1412486040597,-6.269879205538301]}}
