{"Points":[[90,80130],[90,91043],[100,94470],[100,98795],[110,97003],[120,108849],[120,108849],[130,114418],[130,116367],[140,116367],[140,120706],[60,92411],[90,111716],[90,120234],[100,121541],[100,122144],[110,124746],[110,120706],[120,136061],[120,134720],[130,137892],[130,132400],[140,148730],[140,148014],[150,148014],[150,141055],[160,157289],[160,158097],[170,157289],[170,149453],[180,165100],[180,164218],[190,159947],[200,173728],[90,113783],[90,105398],[90,102500],[100,112947],[100,117816],[110,120706],[110,117816],[120,132258],[90,110017],[90,100490],[100,121661],[90,105851],[90,100819],[100,112021],[68,91586],[67,85774],[66,85594],[65,83446],[35,53478],[48,71678],[47,72910],[45,70005],[44,68257],[42,63631],[42,64062],[41,65565],[40,64873],[40,64196],[39,61685],[39,60561],[38,57746],[38,56473],[38,57882],[38,44292],[89,108849],[89,109236],[89,108465],[89,105760],[89,105760],[89,110910],[89,110512],[38,51789],[38,61561],[39,7228],[40,60442],[40,63239],[40,59391],[39,59708],[39,57422],[39,10448],[40,54788],[40,60412],[40,60205],[40,62058],[40,60442],[40,56812],[40,53269],[40,48674],[40,59134],[40,55405],[39,52609],[39,56577],[39,62468],[39,51593],[39,57665],[39,6702],[40,59362],[40,61438],[40,7203],[40,8268],[40,47453],[41,6502],[42,63763],[42,51876],[42,69334],[41,57103],[41,58992],[41,19514],[42,9285],[42,62723],[42,70527],[42,58321],[42,29681],[42,28907],[42,28604],[43,53501],[43,53478],[43,53478],[43,53478],[43,53455],[43,53501],[43,53501],[43,53478],[43,53478],[43,53478],[43,53501],[43,66450],[43,64736],[43,57882],[43,62184],[43,60205],[43,58879],[43,26254],[43,58211],[43,58543],[43,57638],[43,58879],[43,58101],[43,63206],[43,62404],[43,62691],[43,57315],[43,59106],[42,61933],[42,62563],[42,61438],[42,63369],[42,62341],[42,65425],[42,62058],[42,59248],[42,319480],[42,66739],[40,54137],[40,58879],[40,65845],[40,54304],[40,37683],[40,60323],[40,28413],[40,57773]],"Relation":{"Coeffs":[-13317.314047904469,1918.5372960291004,-5.830890378625927]}}
